,POS,#,Name,Inf,Age,B,T,OVR,CON,GAP,POW,EYE,K's,DEF,SPE,PA,H,1B,2B,3B,HR,RBI,R,BB%,SO%,AVG,OBP,SLG,RC,RC/27,wOBA,OPS,OPS+,wRC,wRC+,WAR
,CF,28,Mike Trout,,29,R,R,80,60,60,75,75,40,50,50,733,160,83,22,0,55,121,140,17.9,21.8,.274,.418,.595,151.1,9.1,.417,1.013,167,149,165,8.7
,C,27,Francisco Mejia,,25,S,R,72,70,60,50,45,60,60,40,586,184,116,32,1,35,117,113,9.7,10.6,.356,.422,.625,137.4,10.5,.435,1.046,173,128,177,8.3
,SS,5,Corey Seager,,26,L,R,80,75,75,60,55,60,50,45,614,164,104,26,1,33,90,106,13.8,14.2,.315,.414,.559,124.6,9.0,.411,.972,158,122,162,7.6
,1B,35,Cody Bellinger,,25,L,L,77,60,60,80,65,40,60,50,710,172,80,27,1,64,134,137,14.1,22.8,.285,.385,.652,157.3,9.5,.421,1.036,171,147,168,7.3
,RF,99,Aaron Judge,,28,R,R,69,45,45,75,65,30,65,30,692,152,64,29,2,57,142,120,14.3,32.2,.262,.373,.613,139.8,8.6,.408,.986,155,136,159,7.3
,2B,82,Gleyber Torres,,24,R,R,62,60,55,55,50,60,55,55,752,213,135,43,5,30,98,118,10.0,18.4,.323,.394,.540,146.7,8.4,.394,.934,145,138,149,7.0
,2B,1,Ozzie Albies,,23,S,R,68,65,55,50,45,60,70,65,733,210,134,47,5,24,68,112,7.9,10.8,.320,.378,.517,127.8,7.1,.375,.895,136,123,137,6.9
,SS,12,Francisco Lindor,,27,S,R,80,70,65,55,55,65,70,50,723,179,110,40,3,26,88,117,11.1,11.3,.285,.368,.482,114.8,6.5,.361,.850,124,113,126,6.7
,LF,30,Michael Conforto,,27,L,R,76,70,65,65,65,50,55,35,696,175,86,39,3,47,121,115,14.4,18.4,.302,.407,.622,150.6,9.5,.418,1.029,172,142,167,6.7
,LF,13,Joey Gallo,,27,L,R,67,40,50,80,70,30,55,45,738,145,72,15,3,55,122,135,20.6,27.8,.253,.412,.577,146.4,8.8,.413,.989,156,148,161,6.6
,LF,5,Willie Calhoun,,26,L,R,61,70,55,65,45,65,45,45,726,210,131,25,3,51,146,110,9.6,10.5,.328,.393,.615,149.0,8.6,.419,1.008,159,149,165,6.4
,2B,9,Joe Panik,,30,L,R,53,60,55,40,50,70,50,40,604,178,123,38,4,13,68,90,11.9,9.3,.347,.432,.513,116.1,8.7,.406,.944,154,117,158,6.0
,3B,20,Josh Donaldson,,35,R,R,66,50,45,65,60,45,55,40,644,152,93,19,2,38,103,88,14.1,22.0,.279,.388,.530,116.7,7.7,.389,.918,144,116,147,6.0
,LF,20,Kyle Tucker,,23,L,R,62,65,60,55,55,55,55,75,685,192,114,38,6,34,129,123,10.9,16.6,.322,.405,.577,139.9,8.7,.407,.982,157,134,158,5.8
,3B,34,Justin Turner,,36,R,R,64,65,60,55,50,60,55,40,636,165,94,33,0,38,114,102,7.5,12.9,.292,.361,.552,108.7,6.8,.383,.913,141,111,142,5.7
,LF,16,Andrew Benintendi,,26,L,L,73,75,65,60,50,65,65,50,561,166,98,38,3,27,74,90,8.6,12.8,.331,.391,.580,117.7,8.9,.405,.971,150,108,155,5.7
,LF,22,Christian Yelich,,29,L,R,66,60,65,50,65,45,70,40,692,180,118,40,3,19,76,99,14.2,18.2,.307,.408,.483,121.3,7.7,.379,.891,135,119,139,5.7
,C,33,Brett Cumberland,,25,S,R,78,50,45,65,80,40,50,45,479,100,54,21,2,23,76,83,17.3,20.7,.276,.446,.536,91.8,8.8,.417,.982,161,97,166,5.7
,2B,4,Orlando Arcia,,26,R,R,65,70,45,50,40,65,60,50,731,192,122,32,3,35,104,119,7.9,13.8,.290,.351,.507,116.3,6.4,.364,.857,123,116,128,5.6
,SS,1,Carlos Correa,,26,R,R,71,65,60,60,55,45,55,30,595,162,97,36,0,29,85,102,10.3,19.3,.305,.378,.537,103.4,7.1,.389,.915,140,107,146,5.6
,RF,8,Vladimir Guerrero Jr.,,21,R,R,63,65,50,55,60,65,65,40,671,178,113,33,1,31,125,105,12.4,11.9,.309,.396,.531,123.8,8.0,.391,.927,145,122,148,5.5
,1B,5,Freddie Freeman,,31,L,R,71,65,65,65,65,45,65,30,525,133,80,19,3,31,80,86,15.4,21.1,.309,.425,.584,115.1,10.1,.422,1.008,166,109,169,5.5
,RF,31,Nomar Mazara,,25,L,L,69,70,60,60,60,55,55,35,739,196,117,24,10,45,122,121,11.0,14.6,.302,.384,.579,141.7,8.0,.399,.963,150,139,152,5.5
,SS,23,Andres Gimenez,,22,L,R,59,55,45,30,65,60,65,65,678,176,133,28,7,8,50,98,12.4,11.7,.302,.394,.416,103.2,6.5,.349,.810,119,99,120,5.4
,3B,13,Manny Machado,,28,R,R,75,65,50,65,50,55,70,35,669,169,92,39,0,38,119,104,9.0,17.6,.283,.353,.539,106.7,6.3,.373,.892,132,111,135,5.3
,3B,48,Jeimer Candelario,,27,S,R,63,60,75,55,50,60,60,40,722,183,103,50,6,24,91,112,10.1,17.2,.285,.360,.493,112.5,6.3,.364,.853,127,115,130,5.1
,C,41,Keibert Ruiz,,22,S,R,62,70,55,45,40,65,65,50,566,148,96,36,3,13,86,86,9.4,8.8,.303,.382,.469,91.0,6.8,.366,.851,127,91,131,5.1
,SS,18,Didi Gregorius,,30,L,R,54,55,45,55,35,60,50,45,689,184,117,32,1,34,92,101,6.1,14.2,.289,.335,.502,103.9,5.9,.355,.838,118,104,122,5.0
,C,15,Kyle Schwarber,,27,L,R,71,50,50,75,60,30,35,35,455,109,46,20,1,42,88,83,11.6,31.4,.277,.367,.652,96.6,8.8,.420,1.019,163,94,167,4.9
,2B,19,Jurickson Profar,,27,S,R,61,55,50,45,60,60,60,35,728,167,113,35,3,16,60,114,12.4,13.0,.270,.376,.414,99.6,5.7,.350,.790,108,107,118,4.9
,CF,14,Victor Robles,,23,R,R,64,55,70,50,50,45,65,80,700,171,110,41,11,9,58,79,7.6,20.3,.277,.359,.422,98.2,5.6,.341,.781,105,97,112,4.8
,RF,26,Max Kepler,,27,L,L,58,55,65,55,55,55,60,35,664,162,99,33,6,24,96,88,12.8,16.6,.284,.377,.489,108.3,6.8,.369,.866,126,108,131,4.7
,C,40,Willson Contreras,,28,R,R,63,60,50,55,55,45,50,40,552,141,80,28,3,30,72,86,8.3,24.8,.282,.350,.530,92.3,6.7,.371,.880,130,91,134,4.6
,RF,50,Mookie Betts,,28,R,R,66,70,70,55,55,60,65,50,719,184,123,36,3,22,74,109,9.9,13.2,.287,.359,.455,107.8,6.0,.348,.814,112,104,116,4.6
,2B,12,Tyler Wade,,26,L,R,64,55,50,45,55,50,70,60,686,161,98,34,2,27,84,117,13.6,16.2,.279,.383,.484,118.5,7.3,.371,.868,129,113,133,4.6
,DH,45,Bobby Bradley,,24,L,R,56,50,45,70,55,30,-,30,606,137,56,38,1,42,124,100,13.0,29.5,.265,.370,.586,113.6,7.8,.399,.956,149,114,153,4.5
,1B,39,Jesse Winker,,27,L,L,55,70,55,45,65,60,55,20,705,187,128,39,1,19,67,116,13.0,14.5,.311,.407,.474,122.1,7.6,.385,.881,135,124,143,4.5
,C,28,Buster Posey,,33,R,R,69,65,50,50,60,65,75,30,568,141,105,23,0,13,55,72,11.3,15.0,.285,.375,.410,75.2,5.4,.345,.785,112,81,117,4.3
,SS,17,Trea Turner,,27,R,R,70,70,70,50,45,50,50,80,727,193,120,33,10,30,85,115,7.8,19.7,.292,.347,.508,117.1,6.3,.358,.855,123,112,124,4.3
,1B,44,Anthony Rizzo,,31,L,L,62,50,55,65,65,55,60,35,658,129,66,35,1,27,100,88,16.4,14.4,.248,.397,.474,108.4,7.2,.373,.871,131,109,135,4.3
,SS,5,Alfredo Escobar,,28,R,R,75,55,75,60,45,60,75,65,526,120,58,30,4,28,107,75,6.3,16.2,.249,.297,.502,71.1,5.0,.331,.799,108,69,107,4.2
,LF,71,Jake Bauers,,25,L,L,59,60,45,50,60,60,60,50,654,175,123,30,0,22,89,100,12.8,14.8,.312,.406,.483,113.9,7.5,.381,.889,138,113,141,4.2
,3B,26,Yulieski Gurriel,,36,R,R,56,60,70,55,40,60,50,45,628,162,84,54,1,23,87,90,7.2,14.6,.289,.352,.512,96.1,6.0,.365,.865,129,100,131,4.1
,RF,62,Alex Verdugo,,24,L,L,55,70,60,50,50,65,60,40,632,175,124,31,2,18,75,87,9.8,11.2,.311,.383,.470,102.7,6.9,.368,.852,128,102,132,4.1
,2B,11,Max Schrock,,26,L,R,54,65,55,45,40,75,55,50,591,170,123,29,3,15,78,61,5.8,8.3,.312,.358,.460,89.2,6.1,.352,.817,116,88,121,4.1
,3B,6,Anthony Rendon,,30,R,R,70,55,65,55,60,50,70,40,666,151,87,42,0,22,77,89,10.7,21.6,.257,.339,.441,85.9,5.0,.337,.781,109,91,112,4.0
,3B,55,Kevin Maitan,,20,S,R,60,55,65,60,55,55,55,50,581,138,78,31,3,26,81,66,10.7,17.7,.268,.347,.491,86.8,5.9,.357,.838,119,88,124,4.0
,1B,19,Carlos Santana,,34,S,R,54,50,50,60,70,50,50,35,658,151,93,24,1,33,108,97,16.1,15.5,.279,.393,.509,112.7,7.3,.381,.903,139,114,141,3.9
,SS,28,Fernando Tatis Jr.,,22,R,R,54,50,60,60,55,40,45,55,484,118,65,27,1,25,63,77,11.0,22.3,.278,.360,.522,82.4,6.9,.373,.882,133,81,136,3.9
,CF,76,Kevin Kiermaier,,30,L,R,53,45,55,50,45,45,75,60,608,133,74,27,9,23,82,83,8.7,24.2,.245,.320,.456,83.0,5.3,.330,.775,105,79,107,3.9
,SS,5,Nick Gordon,,25,L,R,54,60,50,40,50,50,60,55,694,179,133,27,5,14,70,79,8.6,18.2,.289,.355,.417,94.2,5.4,.336,.771,103,94,109,3.9
,C,12,Carson Kelly,,26,R,R,48,45,50,45,55,55,65,25,541,128,79,27,2,20,66,73,10.0,15.5,.271,.355,.463,78.5,5.9,.351,.818,115,80,120,3.8
,1B,17,Yonder Alonso,,33,L,R,53,50,50,60,60,45,60,45,561,133,76,25,2,30,96,96,15.0,22.5,.281,.388,.533,98.2,7.3,.389,.920,142,101,146,3.8
,CF,23,Charlie Blackmon,,34,L,L,55,55,60,55,50,50,45,50,641,151,87,32,2,30,111,96,9.2,23.6,.266,.341,.489,98.2,6.1,.353,.830,120,96,122,3.8
,CF,4,Bradley Zimmer,,28,L,R,59,50,55,60,55,35,50,65,666,150,89,34,2,25,84,109,12.5,29.9,.264,.366,.462,101.6,6.2,.354,.828,119,100,122,3.8
,RF,28,Ronald Acuna,,23,R,R,64,65,65,55,55,50,65,75,687,166,101,32,3,30,102,109,8.7,17.2,.270,.341,.479,100.2,5.6,.347,.819,116,99,117,3.8
,3B,13,Evan Longoria,,35,R,R,47,55,55,50,40,55,55,25,633,162,98,31,2,31,118,75,6.0,19.7,.278,.322,.498,93.0,5.7,.344,.821,115,90,115,3.8
,3B,28,Nolan Arenado,,29,R,R,61,45,65,60,45,50,70,40,711,158,82,40,3,33,91,97,8.4,17.9,.250,.321,.479,90.8,4.8,.335,.799,99,95,104,3.7
,3B,17,Jake Lamb,,30,L,R,59,45,60,60,60,35,55,30,425,100,52,22,4,22,69,65,12.7,28.0,.272,.372,.534,73.6,7.2,.379,.906,136,73,138,3.6
,2B,9,Luis Urias,,23,R,R,52,60,45,35,50,75,55,45,557,160,131,18,4,7,49,82,7.9,8.8,.317,.379,.410,79.9,5.9,.349,.789,113,81,119,3.6
,DH,19,Joey Votto,,37,L,R,62,55,45,50,80,45,-,30,682,150,96,30,1,23,79,107,16.1,20.2,.270,.395,.452,107.7,6.8,.369,.847,125,111,132,3.6
,LF,31,Joc Pederson,,28,L,L,50,40,55,60,60,30,65,50,663,139,71,32,3,33,101,99,12.8,32.0,.249,.359,.494,106.1,6.6,.361,.853,114,104,123,3.6
,3B,17,Kris Bryant,,28,R,R,68,55,55,60,55,40,65,25,562,127,64,30,2,31,79,86,8.5,24.2,.257,.333,.513,81.8,5.6,.352,.846,121,84,121,3.5
,RF,8,George Valera,,20,L,L,58,65,55,50,60,55,60,60,754,179,131,30,2,16,70,105,12.7,12.6,.279,.380,.407,107.8,5.9,.349,.787,110,110,118,3.5
,2B,74,Willi Castro,,23,S,R,50,60,45,45,40,60,65,60,538,145,101,29,3,12,74,62,6.3,18.2,.292,.337,.435,72.0,5.2,.332,.773,104,70,106,3.5
,3B,20,Kyle Seager,,33,L,R,55,45,55,60,50,50,65,45,612,150,93,22,2,33,117,93,7.0,20.3,.270,.327,.495,86.7,5.4,.345,.821,115,87,116,3.4
,3B,19,Cheslor Cuthbert,,28,R,R,44,55,45,50,45,55,50,35,555,147,96,24,2,25,86,84,7.6,17.7,.289,.342,.492,81.3,5.7,.353,.835,119,83,121,3.4
,3B,44,Marco Hernandez,,28,L,R,51,60,55,45,40,55,65,50,672,191,141,31,6,13,88,87,7.1,12.9,.312,.359,.445,99.4,6.0,.345,.804,113,96,116,3.4
,3B,24,Matt Duffy,,29,R,R,53,50,50,40,60,55,70,60,556,121,80,25,2,14,62,63,12.2,20.9,.249,.344,.396,70.0,5.0,.322,.740,96,68,100,3.3
,C,6,Brett Sullivan,,26,L,R,52,55,45,55,40,65,50,45,562,154,101,32,4,17,94,62,6.2,12.5,.298,.342,.475,81.3,5.7,.348,.817,117,82,119,3.3
,1B,16,Jose Abreu,,33,R,R,42,60,55,55,45,50,45,25,664,173,97,39,2,35,120,90,6.9,20.6,.289,.348,.536,110.9,6.7,.371,.884,132,109,134,3.2
,2B,27,Jose Altuve,,30,R,R,60,75,55,45,45,65,50,60,638,179,127,34,3,15,70,94,6.0,11.3,.301,.343,.444,86.8,5.2,.340,.788,108,88,112,3.2
,3B,11,Jose Ramirez,,28,S,R,59,60,65,55,50,60,55,60,695,153,90,38,4,21,80,98,9.6,11.5,.251,.325,.430,88.5,4.8,.321,.755,99,85,99,3.2
,CF,4,George Springer,,31,R,R,58,50,50,60,55,45,55,45,653,135,84,26,0,25,88,90,9.2,24.7,.240,.341,.419,80.6,4.8,.329,.760,101,84,105,3.1
,RF,9,Christin Stewart,,27,L,R,40,40,60,65,60,30,40,40,642,145,76,31,2,36,89,90,11.2,29.1,.258,.349,.513,104.5,6.6,.367,.862,115,104,127,3.1
,2B,3,Kolten Wong,,30,L,R,52,55,55,45,50,55,50,45,557,147,107,25,3,12,49,67,7.5,13.6,.295,.363,.430,82.8,6.2,.344,.792,109,79,114,3.1
,RF,27,Giancarlo Stanton,,31,R,R,67,50,50,80,60,35,55,40,705,148,77,19,1,51,128,124,11.1,32.2,.240,.332,.523,107.5,6.0,.361,.855,122,110,126,3.0
,1B,21,Brent Rooker,,26,R,R,57,55,60,65,55,45,60,40,652,146,81,28,2,35,101,97,13.0,23.0,.264,.363,.511,104.8,6.5,.363,.874,127,103,127,3.0
,SS,6,Brendan Rodgers,,24,R,R,49,60,50,50,35,55,45,40,724,184,115,40,4,25,73,89,3.9,20.7,.273,.319,.456,95.0,5.0,.330,.775,94,94,101,2.9
,DH,30,Dan Vogelbach,,28,L,R,59,55,60,60,60,45,-,25,596,147,88,32,1,26,95,87,11.7,20.0,.285,.373,.502,98.0,6.8,.371,.875,128,98,133,2.9
,RF,9,Yasiel Puig,,30,R,R,55,45,55,55,55,45,70,50,691,146,84,28,2,32,110,91,10.9,23.0,.242,.331,.454,90.9,5.1,.337,.786,106,94,110,2.9
,CF,5,Nick Williams,,27,L,L,53,55,65,55,35,40,50,55,494,127,73,27,2,25,82,64,4.5,27.3,.276,.316,.507,74.0,5.8,.345,.822,114,70,116,2.9
,LF,52,Yoenis Cespedes,,35,R,R,58,55,60,65,50,45,60,40,644,155,88,33,1,33,92,100,9.2,19.9,.267,.335,.497,95.7,5.8,.354,.833,120,97,123,2.9
,1B,28,J.D. Davis,,27,R,R,46,50,50,60,50,35,60,30,594,148,87,32,0,29,87,77,7.1,29.6,.273,.331,.492,83.7,5.4,.350,.822,112,87,118,2.8
,LF,77,Clint Frazier,,26,R,R,54,45,55,65,50,35,70,50,553,131,73,30,1,27,77,67,7.4,30.6,.260,.318,.484,80.1,5.6,.337,.802,107,75,109,2.8
,C,25,Blake Swihart,,28,S,R,41,45,55,45,55,50,50,45,474,114,80,23,4,7,44,60,11.6,18.6,.275,.361,.400,61.4,5.3,.335,.761,100,63,107,2.8
,CF,22,Austin Meadows,,25,L,L,55,60,70,50,60,60,40,55,487,125,85,21,2,17,69,60,10.5,17.5,.289,.363,.465,74.4,6.2,.355,.829,119,74,123,2.8
,1B,11,Rafael Devers,,24,L,R,32,55,75,55,40,45,-,45,666,178,107,45,4,22,100,93,6.2,19.8,.288,.332,.480,95.1,5.5,.343,.812,109,94,113,2.8
,LF,74,Justin Williams,,25,L,R,61,75,65,60,40,60,60,50,661,174,106,35,1,32,94,98,5.6,15.7,.282,.325,.497,93.5,5.4,.346,.822,115,95,117,2.8
,2B,6,Nicky Lopez,,25,L,R,54,65,45,30,50,75,60,60,601,153,117,26,4,6,58,74,8.7,8.2,.285,.353,.382,78.8,5.3,.324,.735,96,75,101,2.7
,3B,15,Jeong Choi,,33,R,R,46,45,50,60,50,45,55,50,408,97,61,13,2,21,65,52,10.0,19.6,.268,.346,.489,64.2,6.4,.356,.835,117,62,122,2.7
,RF,28,Matt Olson,,26,L,R,68,60,60,80,65,40,45,40,698,141,76,27,0,38,115,106,14.9,21.2,.241,.355,.482,102.1,5.9,.353,.837,121,104,121,2.7
,SS,3,Jasrado Chisholm,,22,L,R,39,45,55,45,45,35,50,65,525,128,78,31,7,12,42,76,7.8,27.2,.269,.333,.439,73.0,5.4,.332,.772,103,69,107,2.7
,2B,18,Donnie Walton,,26,L,R,30,40,35,45,50,50,55,50,597,162,115,26,1,20,79,68,5.5,19.4,.293,.336,.452,83.1,5.5,.336,.788,109,81,110,2.7
,LF,24,Michael Brantley,,33,L,L,54,60,65,45,55,65,60,45,574,138,80,41,1,16,87,83,10.6,12.2,.274,.355,.454,82.4,5.7,.347,.810,115,83,117,2.6
,2B,2,Brian Dozier,,33,R,R,55,45,55,60,55,45,50,50,624,144,86,29,1,28,81,80,9.3,24.5,.260,.338,.468,87.4,5.4,.346,.806,110,89,115,2.6
,SS,26,Matt Chapman,,27,R,R,66,50,55,70,50,35,60,40,673,133,73,27,2,31,89,82,9.8,27.0,.225,.306,.435,77.1,4.3,.315,.741,95,79,95,2.6
,C,13,Brian McCann,,36,L,R,47,45,30,55,50,50,55,25,400,90,54,19,1,16,50,49,11.0,16.5,.264,.361,.466,60.4,6.2,.353,.827,108,60,117,2.6
,SS,78,Gavin Lux,,23,L,R,45,50,50,35,55,50,60,60,492,115,73,30,3,9,53,48,8.9,18.5,.261,.331,.405,62.6,5.0,.318,.735,94,59,97,2.6
,CF,14,Troy Montgomery,,26,L,L,48,55,45,45,55,50,50,60,486,132,95,17,10,10,56,61,6.2,19.8,.294,.345,.443,69.3,5.6,.337,.788,111,66,112,2.6
,LF,8,Derek Dietrich,,31,L,R,46,50,55,50,50,45,55,35,400,98,55,21,1,21,62,51,7.2,21.8,.278,.360,.523,62.0,6.1,.375,.883,128,67,135,2.6
,LF,16,David Peralta,,33,L,L,47,55,55,50,50,50,65,35,471,112,68,26,2,16,75,52,8.3,17.8,.265,.342,.450,67.0,5.7,.341,.792,108,65,113,2.6
,LF,27,Phil Ervin,,28,R,R,52,45,55,60,50,45,70,65,434,102,60,25,1,16,64,60,9.7,26.0,.267,.348,.463,63.1,5.8,.347,.811,111,62,116,2.6
,1B,80,Blake Rutherford,,23,L,R,41,65,55,55,50,50,35,65,597,151,99,28,2,22,68,90,10.1,18.6,.287,.365,.473,94.9,6.5,.357,.839,122,91,124,2.5
,CF,33,Brett Phillips,,26,L,R,59,40,55,60,60,30,60,50,527,116,76,11,3,26,78,71,9.9,30.9,.247,.321,.449,72.4,5.4,.328,.770,100,68,104,2.5
,2B,2,Alex Bregman,,26,R,R,57,55,60,50,55,50,55,55,563,129,78,29,5,17,75,77,8.3,19.0,.255,.326,.434,72.1,4.9,.328,.759,100,72,104,2.5
,SS,2,Xander Bogaerts,,28,R,R,58,60,60,45,50,50,55,40,651,149,105,26,2,16,72,70,8.0,20.6,.253,.320,.385,72.2,4.2,.308,.705,84,73,89,2.5
,SS,2,Addison Russell,,26,R,R,53,50,55,50,55,45,60,45,625,134,86,27,1,20,67,68,8.8,23.4,.240,.312,.399,66.5,4.0,.308,.711,85,69,89,2.4
,RF,25,Dexter Fowler,,34,S,R,46,45,60,50,65,40,50,40,529,114,73,25,2,14,52,63,14.9,20.4,.261,.386,.423,78.1,6.3,.356,.809,115,80,123,2.4
,RF,52,Julio Pablo Martinez,,24,L,L,47,60,45,45,50,55,55,55,549,136,98,9,14,15,71,73,9.8,19.1,.280,.352,.449,79.6,5.9,.345,.801,109,78,115,2.4
,LF,17,Taylor Trammell,,23,L,L,51,50,55,45,60,45,65,80,547,131,84,29,5,13,55,81,12.4,21.4,.278,.369,.443,79.3,5.7,.346,.812,114,79,116,2.4
,2B,2,Rougned Odor,,26,L,R,58,55,65,65,35,45,50,55,533,114,62,21,3,28,75,76,7.1,22.9,.235,.301,.464,69.9,4.9,.324,.765,102,67,103,2.4
,CF,22,Albert Almora,,26,R,R,46,60,60,40,35,60,60,55,695,178,121,37,5,15,82,80,6.2,19.0,.276,.322,.419,87.9,4.9,.316,.741,86,82,92,2.3
,CF,37,Odubel Herrera,,29,L,R,51,55,60,45,45,45,60,55,450,114,79,20,0,15,52,53,6.4,23.3,.277,.338,.436,61.3,5.4,.336,.773,104,61,110,2.3
,3B,14,Matt Carpenter,,35,L,R,42,50,60,50,70,45,30,35,685,118,71,29,2,16,50,84,17.5,23.5,.216,.366,.364,81.3,4.9,.329,.730,97,88,105,2.3
,CF,19,Jackie Bradley Jr.,,30,L,R,48,45,45,55,50,40,60,35,632,131,90,27,2,12,60,60,10.1,24.7,.236,.322,.357,66.7,4.1,.302,.679,78,67,85,2.2
,C,12,Yasmani Grandal,,32,S,R,53,40,45,60,60,40,70,40,530,89,46,13,0,30,78,59,13.8,25.1,.196,.306,.422,56.7,3.9,.313,.728,89,61,93,2.2
,2B,26,Adam Frazier,,29,L,R,46,60,55,30,55,60,45,50,603,159,114,33,7,5,55,73,9.1,14.6,.295,.363,.410,79.6,5.3,.337,.773,105,82,110,2.2
,LF,78,Dylan Cozens,,26,L,L,48,45,55,60,50,30,65,50,552,124,71,24,2,27,82,76,10.7,29.0,.255,.337,.478,83.7,6.1,.344,.815,115,78,115,2.2
,1B,22,Dominic Smith,,25,L,L,59,70,55,60,50,60,60,25,667,164,100,32,0,32,97,85,6.6,17.1,.267,.312,.476,85.0,4.8,.331,.788,108,87,108,2.2
,LF,33,Franchy Cordero,,26,L,R,51,50,60,55,40,40,70,65,567,126,81,23,6,16,61,67,8.6,27.0,.248,.317,.411,66.7,4.4,.310,.728,94,64,93,2.2
,CF,13,Zack Granite,,28,L,L,43,55,45,30,55,60,60,65,581,154,119,29,3,3,52,74,7.6,14.5,.293,.351,.377,70.1,4.7,.321,.728,93,71,98,2.1
,2B,9,Jose Peraza,,26,R,R,48,60,45,35,30,65,60,70,474,137,99,26,6,6,42,67,4.4,12.9,.309,.350,.436,65.3,5.3,.339,.785,106,65,111,2.1
,2B,38,Nicky Madrigal,,23,R,R,62,60,60,35,55,65,65,65,447,111,80,21,4,6,41,53,9.4,8.7,.278,.348,.396,57.2,5.0,.323,.744,97,55,100,2.1
,CF,25,Byron Buxton,,27,R,R,47,45,55,50,45,35,80,60,522,117,77,25,8,7,55,61,5.7,30.3,.243,.291,.372,52.2,3.6,.286,.663,73,48,75,2.1
,2B,8,Ka'ai Tom,,26,L,R,39,50,45,35,60,55,45,50,533,129,92,31,1,5,41,69,12.9,15.8,.282,.379,.386,74.9,6.0,.340,.765,106,74,113,2.1
,2B,7,Daniel Murphy,,35,L,R,55,65,65,55,50,65,40,40,582,150,101,31,1,17,69,84,7.9,14.4,.286,.344,.446,78.3,5.3,.337,.790,110,79,111,2.0
,CF,22,Raimel Tapia,,26,L,L,40,65,60,30,30,55,50,55,604,175,127,38,6,4,61,73,4.6,17.1,.308,.344,.417,80.0,5.2,.328,.761,105,77,105,2.0
,2B,6,Ketel Marte,,27,S,R,49,60,60,40,45,65,55,45,693,177,134,30,4,9,77,80,6.9,10.5,.277,.325,.379,82.8,4.7,.308,.704,87,77,90,2.0
,SS,1,Emerson Jimenez,,26,S,R,35,50,45,30,45,50,60,60,509,134,97,29,5,3,43,64,5.7,18.5,.288,.339,.391,61.5,4.6,.318,.730,95,61,98,1.9
,CF,26,Victor Reyes,,26,S,R,45,55,50,35,45,55,60,60,460,110,68,25,5,12,53,52,7.4,18.5,.263,.320,.433,58.5,4.9,.323,.753,97,57,100,1.9
,C,8,Victor Caratini,,27,S,R,58,60,60,45,50,55,40,35,400,97,67,18,2,10,61,55,10.2,16.5,.275,.354,.422,53.1,5.3,.335,.776,106,54,109,1.9
,3B,22,Miguel Sano,,27,R,R,63,50,45,70,60,30,50,30,467,97,58,16,1,22,71,61,12.8,33.6,.245,.353,.457,67.9,5.9,.349,.810,114,68,118,1.9
,2B,17,Keston Hiura,,24,R,R,52,70,70,45,45,55,50,55,548,142,95,33,2,12,55,64,6.6,16.1,.283,.336,.429,69.2,4.9,.330,.766,103,71,106,1.9
,3B,11,Jorge Polanco,,27,S,R,49,60,60,40,50,60,55,55,678,162,110,41,5,6,50,70,9.6,11.7,.267,.338,.381,79.8,4.5,.315,.719,90,79,94,1.9
,RF,10,Yoan Moncada,,25,S,R,44,50,50,45,55,45,65,55,644,150,100,30,3,17,66,92,9.3,22.0,.262,.339,.414,85.8,5.2,.329,.753,99,83,105,1.9
,CF,21,Sergio Ortega,,23,L,L,46,55,50,50,50,60,50,75,631,141,91,22,5,23,83,69,8.4,17.0,.247,.312,.425,83.7,5.1,.309,.737,94,71,91,1.9
,3B,17,Lourdes Gurriel Jr.,,27,R,R,40,50,50,45,50,50,55,55,472,119,79,30,2,8,58,48,7.2,19.9,.278,.337,.414,57.3,4.6,.327,.750,101,60,104,1.8
,3B,7,Drew Jackson,,27,R,R,48,45,40,35,55,50,70,65,697,155,110,27,5,13,48,82,9.5,20.2,.251,.331,.374,77.7,4.2,.312,.705,89,80,94,1.8
,LF,8,Ian Happ,,26,S,R,65,60,60,70,60,40,70,55,656,127,89,22,1,15,60,83,12.5,28.4,.226,.336,.349,73.5,4.5,.307,.685,83,73,90,1.8
,DH,39,Alex Jackson,,25,R,R,45,45,50,60,50,35,-,40,479,100,57,22,0,21,64,58,7.5,32.4,.234,.305,.433,56.7,4.5,.314,.738,94,56,95,1.8
,LF,8,Randal Grichuk,,29,R,R,48,45,60,65,40,35,70,45,438,98,57,19,0,22,58,47,7.8,29.2,.247,.315,.461,57.2,5.0,.328,.776,105,56,105,1.7
,RF,23,Austin Hays,,25,R,R,52,65,60,55,40,50,60,40,635,164,99,30,4,31,101,69,3.3,24.3,.275,.301,.494,84.8,5.0,.333,.795,104,84,107,1.7
,RF,36,Robbie Grossman,,31,S,L,42,50,50,50,65,45,50,45,412,92,61,18,0,13,52,45,13.3,18.4,.262,.359,.425,58.1,5.8,.340,.784,106,57,111,1.7
,LF,64,Troy Stokes,,24,R,R,34,45,45,50,50,45,65,65,635,148,109,23,3,13,51,66,9.9,25.0,.261,.334,.381,74.4,4.6,.315,.715,91,75,96,1.7
,RF,18,Joshua Lowe,,22,L,R,43,45,60,55,55,45,55,75,527,119,74,24,2,19,85,71,10.2,24.3,.253,.328,.434,69.7,5.1,.330,.762,103,68,106,1.7
,1B,69,Ronald Guzman,,26,L,L,45,60,55,55,45,50,55,30,533,138,98,18,3,19,71,62,7.5,18.0,.287,.350,.455,73.6,5.4,.342,.805,110,75,113,1.6
,1B,44,Paul Goldschmidt,,33,R,R,63,60,60,65,65,40,65,50,619,124,74,24,4,22,80,82,13.4,25.5,.234,.338,.418,79.2,5.1,.324,.756,101,77,102,1.6
,2B,29,Willy Adames,,25,R,R,51,50,50,50,65,45,55,55,674,135,103,21,3,8,54,76,12.5,22.6,.233,.329,.321,67.6,3.9,.293,.651,76,66,81,1.6
,C,21,Stephen Vogt,,36,L,R,40,45,60,55,45,55,45,40,485,108,62,21,5,20,69,55,7.4,14.0,.247,.298,.454,57.2,4.3,.317,.752,95,57,96,1.6
,CF,10,A.J. Pollock,,33,R,R,60,60,65,50,45,55,60,60,522,123,76,32,3,12,57,66,7.3,17.6,.260,.321,.416,59.9,4.3,.317,.738,94,62,97,1.6
,SP,28,Shohei Ohtani,,26,L,R,60,60,65,65,55,40,55,55,469,104,60,22,1,21,68,67,10.4,24.1,.254,.340,.467,65.9,5.6,.343,.807,110,66,114,1.6
,RF,24,Andrew McCutchen,,34,R,R,50,50,50,55,55,45,55,45,536,121,75,27,1,18,62,63,10.3,23.5,.256,.336,.431,70.2,5.1,.330,.767,102,70,106,1.6
,RF,21,Juan Soto,,22,L,L,46,65,60,50,35,65,60,55,631,188,131,39,4,14,77,88,3.8,10.9,.314,.338,.462,92.1,5.8,.339,.801,111,87,112,1.6
,LF,16,Ben Gamel,,28,L,L,37,-,-,-,-,-,20,-,427,111,73,23,9,6,37,60,7.3,17.6,.284,.340,.435,58.1,5.4,.335,.775,107,57,110,1.6
,1B,30,Eric Hosmer,,31,L,L,44,60,45,55,50,55,60,30,695,156,95,34,4,23,78,82,10.4,18.8,.252,.329,.431,87.7,4.9,.324,.761,103,87,102,1.6
,RF,4,Wil Myers,,30,R,R,46,50,55,60,55,40,50,60,683,145,88,23,1,33,105,83,11.0,28.8,.240,.325,.446,88.0,4.9,.331,.771,105,89,107,1.5
,CF,33,Billy Hamilton,,30,S,R,48,50,45,30,45,50,70,80,508,107,81,20,2,4,36,69,7.5,20.5,.231,.289,.308,53.7,3.9,.265,.597,61,38,62,1.5
,C,26,Chase Vallot,,24,R,R,23,40,45,55,55,30,20,30,508,90,50,21,2,17,56,66,12.0,38.6,.206,.319,.381,56.2,4.3,.311,.700,85,58,92,1.5
,2B,1,Amed Rosario,,25,R,R,47,55,60,40,35,50,70,60,495,121,87,23,6,5,43,59,5.3,23.2,.262,.308,.370,52.6,4.0,.296,.678,82,50,84,1.5
,CF,17,Braxton Lee,,27,L,R,34,50,40,25,55,60,60,70,482,124,95,20,4,5,30,57,9.5,17.4,.286,.353,.385,57.4,4.6,.325,.738,98,60,103,1.5
,CF,31,Aaron Hicks,,31,S,R,43,45,50,50,55,50,55,50,412,92,61,14,1,16,44,58,10.7,21.1,.251,.330,.426,52.6,4.9,.327,.756,101,52,104,1.5
,DH,6,Rhys Hoskins,,27,R,R,60,55,55,70,55,45,-,45,403,90,52,16,4,18,67,54,9.4,26.8,.257,.342,.480,59.3,5.9,.350,.822,118,59,120,1.4
,C,24,Gary Sanchez,,28,R,R,63,55,45,65,50,45,65,25,423,84,47,10,1,26,67,50,7.6,23.9,.218,.284,.452,47.4,4.1,.308,.736,91,47,90,1.4
,C,17,Tucker Barnhart,,29,S,R,36,45,45,35,45,50,70,30,472,105,78,20,0,7,45,47,8.5,18.2,.251,.319,.348,44.2,3.5,.294,.668,76,47,79,1.4
,2B,4,Scott Kingery,,26,R,R,53,60,55,45,45,50,55,55,417,98,58,21,3,16,53,51,7.9,22.8,.261,.327,.461,56.9,5.3,.335,.788,107,56,109,1.4
,LF,29,Tommy Pham,,32,R,R,49,50,45,55,55,40,60,50,426,96,67,14,2,13,68,56,9.6,23.5,.259,.349,.414,56.7,5.3,.332,.763,102,56,107,1.4
,1B,55,Josh Bell,,28,S,R,44,50,60,50,60,55,60,30,684,148,96,32,1,19,75,87,11.5,14.9,.247,.334,.399,78.3,4.4,.322,.733,93,84,99,1.3
,SS,2,Andrelton Simmons,,31,R,R,45,55,55,35,45,70,75,45,448,101,74,20,2,5,43,42,5.8,11.2,.243,.283,.337,35.4,2.8,.271,.620,65,36,66,1.3
,LF,12,Corey Dickerson,,31,L,R,41,50,60,55,40,45,55,50,678,176,108,36,5,27,99,93,5.3,26.7,.278,.316,.478,91.9,5.2,.336,.794,106,91,109,1.2
,2B,21,Isan Diaz,,24,L,R,49,45,55,60,60,40,50,50,561,111,62,30,2,17,65,53,11.2,28.2,.226,.312,.399,62.4,4.2,.308,.711,89,63,91,1.1
,LF,3,Nicholas Castellanos,,28,R,R,40,60,65,50,40,50,50,40,593,158,117,27,3,11,70,57,6.1,21.1,.286,.332,.405,71.9,4.7,.321,.737,96,72,99,1.1
,3B,17,Colton Welker,,23,R,R,43,50,65,55,45,50,50,40,413,107,71,26,1,9,59,50,5.3,17.4,.283,.328,.429,51.5,4.8,.325,.756,97,52,101,1.1
,1B,56,O'Koyea Dickson,,30,R,R,32,40,55,65,40,45,50,45,578,128,59,34,2,33,104,77,5.4,22.3,.241,.292,.499,76.3,4.9,.330,.791,105,75,105,1.1
,CF,69,Mitch Haniger,,30,R,R,50,50,50,55,55,45,45,45,411,101,67,18,1,15,47,53,8.0,22.9,.269,.331,.443,52.9,4.9,.333,.774,106,54,108,1.1
,LF,23,Marcell Ozuna,,30,R,R,49,55,50,60,50,45,55,30,406,100,68,12,1,19,64,63,9.9,25.4,.275,.346,.471,59.6,5.9,.349,.817,115,59,118,1.0
,C,55,John Hicks,,31,R,R,33,45,45,50,45,40,60,45,399,89,63,15,1,10,30,44,7.8,24.8,.243,.303,.371,39.8,3.7,.287,.674,80,37,77,1.0
,RF,9,Lewis Brinson,,26,R,R,48,50,60,60,50,40,60,50,616,130,77,23,6,24,81,68,8.3,30.2,.235,.305,.428,72.6,4.4,.315,.733,94,72,96,1.0
,3B,15,Brian W. Anderson,,27,R,R,33,45,35,45,60,45,50,40,403,87,62,13,1,11,44,46,10.7,21.8,.245,.328,.380,45.5,4.4,.312,.708,89,46,94,1.0
,2B,29,Brandon Drury,,28,R,R,45,50,65,45,45,50,60,40,484,121,67,42,0,12,61,48,4.1,26.4,.262,.293,.432,57.7,4.5,.308,.725,91,54,91,1.0
,1B,14,DJ Stewart,,27,L,R,43,65,50,50,65,65,35,40,582,127,83,20,6,18,63,73,10.8,14.4,.251,.338,.421,79.4,5.4,.326,.759,98,74,102,1.0
,2B,23,Jonathan Schoop,,29,R,R,44,50,50,60,30,45,55,35,509,100,54,25,0,21,65,52,6.3,22.2,.217,.287,.409,54.8,4.0,.301,.696,83,53,86,1.0
,1B,24,Terukiyo Shimizu,,29,R,L,42,50,50,60,45,55,60,25,498,113,67,26,2,18,73,51,5.2,19.5,.248,.299,.433,57.7,4.3,.312,.732,90,57,92,1.0
,CF,11,Ender Inciarte,,30,L,L,40,60,50,30,40,60,55,50,493,124,97,17,5,5,43,58,7.1,14.8,.273,.326,.366,54.8,4.3,.295,.692,85,50,82,0.9
,C,36,Jonathan Lucroy,,34,R,R,48,55,50,45,55,55,35,30,534,107,69,24,1,13,56,56,9.0,18.7,.223,.301,.359,48.1,3.3,.291,.661,74,52,79,0.9
,2B,13,Marwin Gonzalez,,31,S,R,45,50,55,55,40,45,60,45,630,135,79,34,0,22,95,64,6.5,22.4,.236,.302,.412,71.5,4.3,.309,.713,89,71,92,0.8
,CF,22,Bryan Reynolds,,25,S,R,38,60,55,50,45,50,40,50,403,99,70,14,3,12,49,45,6.2,16.6,.265,.313,.414,49.2,4.7,.313,.728,91,46,94,0.8
,CF,18,Daz Cameron,,23,R,R,34,45,55,45,50,35,50,65,448,88,49,23,4,12,41,51,8.3,31.5,.221,.294,.388,48.3,4.0,.292,.683,79,44,79,0.8
,RF,0,Mallex Smith,,27,L,R,31,45,45,30,50,45,65,80,463,105,74,22,3,6,32,58,9.5,25.7,.252,.328,.363,49.9,4.1,.306,.691,86,51,90,0.8
,DH,28,J.D. Martinez,,33,R,R,57,55,65,70,50,35,-,40,677,146,80,29,2,35,110,84,9.3,32.1,.242,.313,.470,87.9,4.9,.327,.783,101,86,102,0.8
,2B,3,Jordy Mercer,,34,R,R,41,45,50,50,50,50,60,40,559,120,74,33,1,12,54,68,8.4,20.2,.237,.303,.377,55.4,3.7,.297,.680,81,57,83,0.8
,LF,25,Anthony Santander,,26,S,R,42,50,55,60,45,45,50,35,416,90,51,16,1,22,64,44,9.1,20.4,.246,.333,.475,54.3,5.0,.335,.809,109,55,107,0.7
,C,18,Austin Hedges,,28,R,R,46,45,45,60,40,40,80,40,473,93,59,15,3,16,65,40,5.5,28.3,.213,.263,.372,40.6,3.0,.271,.634,68,38,66,0.7
,SS,16,Paul DeJong,,27,R,R,39,50,50,55,30,40,45,40,434,104,67,20,0,17,58,43,5.3,27.6,.257,.302,.433,52.5,4.6,.310,.735,90,49,91,0.7
,3B,69,Miguel Andujar,,25,R,R,43,50,50,50,35,60,55,40,421,101,68,17,0,16,52,43,4.3,15.0,.259,.302,.426,44.1,3.8,.310,.727,91,48,92,0.6
,2B,2,Jean Segura,,30,R,R,46,65,45,45,35,60,55,65,439,119,89,20,3,7,41,65,1.4,17.5,.284,.307,.396,49.3,4.2,.303,.704,87,47,88,0.6
,1B,60,Sam Travis,,27,R,R,30,50,45,45,55,50,50,45,504,109,72,23,1,13,47,52,10.1,21.2,.243,.321,.386,52.2,3.9,.310,.708,88,57,92,0.6
,LF,16,Khris Davis,,33,R,R,43,45,45,70,55,35,45,30,525,95,53,13,3,26,68,72,11.2,32.8,.207,.307,.419,60.9,4.4,.314,.726,91,61,95,0.5
,2B,10,Forrest Wall,,25,L,R,42,55,60,45,50,50,50,70,505,118,88,16,1,13,51,66,5.5,22.0,.251,.295,.372,52.5,3.9,.289,.667,68,48,73,0.4
,1B,40,Jake Burger,,24,R,R,32,45,60,60,50,40,55,40,487,103,67,12,0,24,58,61,8.2,24.8,.236,.305,.428,56.8,4.4,.315,.732,91,57,95,0.4
,3B,7,Ryan Mountcastle,,23,R,R,39,55,70,55,40,50,40,50,584,124,66,34,1,23,72,61,5.8,27.4,.228,.274,.422,60.1,3.7,.293,.695,79,57,79,0.3
,C,15,Chance Sisco,,25,L,R,48,45,60,50,60,40,45,35,442,89,64,14,2,9,35,35,9.3,31.0,.225,.302,.339,41.5,3.5,.285,.641,68,40,73,0.3
,2B,6,Chih-Chieh Su,,26,L,R,32,50,50,55,35,50,50,45,473,117,85,24,2,6,36,48,5.5,18.0,.262,.302,.365,47.8,3.8,.292,.668,75,46,78,0.3
,2B,6,Brock Holt,,32,L,R,30,-,-,-,-,-,20,-,520,118,88,27,0,3,30,55,9.6,20.2,.255,.333,.333,52.4,3.9,.300,.666,80,54,85,0.2
,SS,7,Zack Cozart,,35,R,R,38,45,45,50,55,50,45,45,433,89,65,12,2,10,34,41,8.3,20.8,.228,.294,.346,39.7,3.4,.282,.640,71,38,73,0.2
,2B,12,Ildemaro Vargas,,29,S,R,34,50,55,35,40,70,60,40,520,122,86,29,3,4,54,49,4.6,8.3,.254,.296,.351,48.6,3.4,.282,.647,73,46,73,0.2
,LF,20,Eddie Rosario,,29,L,R,44,60,55,60,35,50,60,50,475,111,69,18,3,21,63,61,5.5,24.0,.251,.288,.447,55.8,4.3,.308,.735,90,53,90,0.2
,2B,15,Logan Forsythe,,33,R,R,40,45,45,50,60,40,55,30,459,79,51,17,2,9,45,59,12.9,29.0,.201,.312,.323,40.0,3.3,.285,.635,72,42,76,0.1
,LF,8,Ryan Boldt,,26,L,R,48,60,50,40,55,65,65,65,485,105,82,12,2,9,49,60,11.1,11.5,.246,.334,.347,52.0,4.2,.302,.681,84,51,87,0.1
,C,23,Travis d'Arnaud,,31,R,R,41,50,55,50,40,50,55,30,415,85,49,19,1,16,59,39,4.6,25.1,.217,.255,.394,36.0,3.0,.274,.649,68,34,66,0.0
,3B,12,Kevin Newman,,27,R,R,39,60,50,30,40,70,55,50,507,123,91,24,2,6,48,48,4.7,12.0,.258,.296,.354,46.2,3.3,.285,.651,73,46,75,-0.0
,SS,9,Garrett Hampson,,26,R,R,44,55,40,35,50,55,60,70,662,146,116,18,8,4,44,66,7.9,20.1,.241,.299,.316,59.5,3.3,.274,.615,67,54,68,-0.0
,1B,28,Justin Smoak,,34,S,L,30,45,45,60,50,40,55,35,632,131,75,24,0,32,84,72,8.4,28.3,.229,.295,.439,74.3,4.4,.309,.734,91,71,91,-0.1
,CF,6,Starling Marte,,32,R,R,30,50,45,45,30,50,40,60,597,148,105,26,2,15,54,75,2.7,22.6,.263,.299,.397,65.6,4.0,.301,.695,84,63,86,-0.1
,3B,20,Austin Riley,,23,R,R,45,45,65,65,45,35,50,40,643,119,65,23,0,31,84,69,7.6,30.9,.205,.271,.405,63.1,3.5,.287,.676,76,60,76,-0.2
,3B,30,Nicky Delmonico,,28,L,R,43,50,55,55,50,40,45,45,493,94,52,21,0,21,55,50,8.5,27.4,.212,.284,.402,49.8,3.7,.295,.686,79,49,81,-0.4
,1B,8,Mike Moustakas,,32,L,R,34,50,45,60,40,55,60,35,664,139,85,30,0,24,86,71,5.3,15.8,.227,.271,.393,59.6,3.2,.284,.664,77,61,76,-0.4
,SS,2,Aledmys Diaz,,30,R,R,31,50,60,50,35,55,45,45,475,105,69,22,1,13,43,50,4.4,21.9,.236,.278,.378,43.1,3.2,.276,.656,70,40,68,-0.4
,CF,12,Kevin Pillar,,31,R,R,37,50,55,45,35,55,70,50,511,104,76,19,0,9,47,48,6.3,23.3,.221,.275,.318,38.4,2.6,.259,.594,58,36,57,-0.5
,RF,8,Daniel Johnson Jr.,,25,L,L,33,45,45,60,40,45,60,65,656,148,104,26,2,16,66,77,5.3,24.4,.243,.284,.370,64.6,3.6,.283,.655,71,59,72,-0.5
,2B,5,Josh Harrison,,33,R,R,37,55,60,45,30,55,55,50,437,87,64,16,0,7,40,30,6.2,22.2,.220,.283,.314,32.1,2.6,.265,.597,59,33,61,-0.6
,CF,23,Michael Gigliotti,,24,L,L,54,55,55,40,70,60,60,60,490,86,53,26,3,4,32,53,13.1,14.7,.205,.316,.310,46.0,3.6,.285,.625,68,45,74,-0.6
,1B,3,Brandon Wagner,,25,L,R,24,40,50,50,65,35,55,50,672,126,78,25,2,21,80,61,11.2,32.3,.216,.307,.375,68.3,3.8,.299,.681,82,70,85,-0.6
,C,3,Salvador Perez,,30,R,R,38,45,40,55,35,50,55,30,528,102,76,9,1,16,46,38,3.8,20.6,.205,.243,.324,34.8,2.2,.245,.567,50,31,48,-0.7
,LF,13,Heath Quinn,,25,R,R,31,45,60,55,45,45,60,55,648,132,86,26,2,18,70,52,6.5,29.0,.223,.280,.365,60.5,3.4,.279,.645,71,56,71,-0.8
,LF,16,Trey Mancini,,28,R,R,44,60,55,60,50,40,45,35,564,111,66,21,4,20,45,65,8.5,24.3,.218,.291,.393,56.3,3.7,.293,.684,78,56,79,-0.9
